allele,peptide,length,log_prob,source,temperature,top_p,score,seed_peptide,n_mutations,score_improvement
HLA-B*40:02,WEMRMIISL,9,-17.022159576416016,AR+SHAP,0.9,0.9,-0.40312052117581787,SEFRGIQSL,4.0,0.4104604673923741
HLA-B*40:02,KEMCFSYVL,9,-17.864534378051758,AR+SHAP,0.9,0.9,-0.44560420327359757,KEQLFSQVL,4.0,0.5561295095354029
HLA-B*40:02,GEMYLVSPL,9,-18.588327407836914,AR+SHAP,0.7,0.85,-0.5428254269591799,GESSLVAAV,5.0,0.6840321433295435
HLA-B*40:02,YEMWALAAL,9,-15.852315902709961,AR+SHAP,0.7,0.85,-0.5693739096150459,SEIQALARL,4.0,0.875918859810926
HLA-B*40:02,AEMLLTLAV,9,-19.251869201660156,AR+SHAP,0.7,0.85,-0.6551384348113821,TEVLLTRAV,7.0,0.7702327316275591
HLA-B*40:02,WELSIVTAL,9,-16.44544219970703,AR+SHAP,0.9,0.9,-0.6627578316815741,KEKSIVTAL,3.0,0.597552114113346
HLA-B*40:02,KELELIFEL,9,-15.118416786193848,AR+SHAP,0.7,0.85,-0.6739419986340878,KENELAVKL,4.0,0.5285463184260057
HLA-B*40:02,KEFFVEWAL,9,-20.183517456054688,AR+SHAP,0.9,0.9,-0.7041505168397991,KEIGVEFAV,5.0,0.31869009403672865
HLA-B*40:02,KEIRGIWVI,9,-18.298095703125,AR+SHAP,0.7,0.85,-0.7193312869837266,KEIKGINVI,2.0,0.4093909973547002
HLA-B*40:02,REVFIWMTL,9,-18.45452308654785,AR+SHAP,0.7,0.85,-0.7209857441537391,REVKIVRTL,3.0,0.33857767374752856
HLA-B*40:02,MEWTTVMVL,9,-16.262571334838867,AR+SHAP,0.7,0.85,-0.7489628612561614,AEVTKVTQL,6.0,0.8923128959757516
HLA-B*40:02,REIPYILIL,9,-16.20549964904785,AR+SHAP,0.7,0.85,-0.7528164311882715,AEVPVIAQL,5.0,0.6969704157975019
HLA-B*40:02,REFQKIYMI,9,-20.407638549804688,AR+SHAP,0.7,0.85,-0.8591382972945308,REFVKIYRI,3.0,0.2980161426117506
HLA-B*40:02,FEYAFFHTV,9,-19.55296516418457,AR+SHAP,0.9,0.9,-0.8686444383948257,SEQSITHTV,5.0,0.6815839146602682
HLA-B*40:02,AELKFPFSV,9,-16.232616424560547,AR+SHAP,0.7,0.85,-0.8721562727482929,SELKVPLSV,3.0,0.499650185759123
HLA-B*40:02,AEWEQGPSL,9,-16.164159774780273,AR+SHAP,0.9,0.9,-0.8915374576725644,AEAPQGPSL,2.0,0.5032643194901466
HLA-B*40:02,HEYESTIIL,9,-18.186981201171875,AR+SHAP,0.9,0.9,-1.0021660617565078,SEIESTIKI,4.0,0.5852081103165576
HLA-B*40:02,FESVVRYTI,9,-19.911113739013672,AR+SHAP,0.9,0.9,-1.0051805125037803,VESVVRLTV,5.0,0.676512879500784
HLA-B*40:02,HEWVGQQQL,9,-17.309993743896484,AR+SHAP,0.9,0.9,-1.1835545336188618,HELVIQQQL,2.0,0.2822742817385746
HLA-B*40:02,YEFDSVTSV,9,-18.423675537109375,AR+SHAP,0.7,0.85,-1.2638726768652235,TEFDSVTSV,1.0,0.409056013577499
HLA-B*40:02,WEYETNGYVL,10,-16.412654876708984,AR+SHAP,0.7,0.85,-0.7299742856995556,REYEENVRVL,4.0,0.4555678691548196
HLA-B*40:02,REMESKYFLL,10,-16.907501220703125,AR+SHAP,0.7,0.85,-0.7387805584843692,REVESKGLLL,3.0,0.7201593034059568
HLA-B*40:02,REANAVFYAL,10,-17.545982360839844,AR+SHAP,0.7,0.85,-0.7466341989375788,REAPAVVPAL,5.0,0.490406592441612
HLA-B*40:02,REYWGSFPSI,10,-21.389461517333984,AR+SHAP,0.9,0.9,-0.7909884750888159,RELLGSPTSI,4.0,0.6032880516790056
HLA-B*40:02,REFSMKLEAL,10,-15.510562896728516,AR+SHAP,0.7,0.85,-0.9079485216122722,AEFSEKLAAL,3.0,0.3659782584882534
HLA-B*40:02,REWQNIIRPL,10,-15.594676971435547,AR+SHAP,0.7,0.85,-0.9148718175400504,REYQEIIRQL,3.0,0.47180546642078725
HLA-B*40:02,REYCVQTMAL,10,-16.538097381591797,AR+SHAP,0.7,0.85,-0.9247959957979122,GELDKQQVAL,7.0,0.7208227424447828
HLA-B*40:02,RELQQTFVSL,10,-19.092723846435547,AR+SHAP,0.9,0.9,-0.9258275746247423,GELQKTFDSL,3.0,0.5853871265116458
HLA-B*40:02,REIEMAQHSL,10,-18.878881454467773,AR+SHAP,0.7,0.85,-0.9454685851318197,RETEGAQHSL,4.0,0.6054931671663563
HLA-B*40:02,KEYGLLLYAL,10,-14.855612754821777,AR+SHAP,0.7,0.85,-0.9614210940664483,GEAGLLLEAL,3.0,0.3706131829610697
HLA-B*40:02,GEIASIFCVL,10,-17.528629302978516,AR+SHAP,0.7,0.85,-0.9818186071706636,GELAEILAEL,6.0,0.5003400882406128
HLA-B*40:02,AEFGDVYTPL,10,-18.403356552124023,AR+SHAP,0.7,0.85,-0.9973863843973133,AEIKDQITVL,5.0,0.5070844780971057
HLA-B*40:02,LEWDFMRVAL,10,-20.950477600097656,AR+SHAP,0.7,0.85,-1.0666985504229953,LEHDFKNVAL,3.0,0.5306674998430323
HLA-B*40:02,GEFRESLYYL,10,-16.697359085083008,AR+SHAP,0.7,0.85,-1.119585774961784,GEFRESLQQL,2.0,0.39001992964977217
HLA-B*40:02,KEWMGGQVVM,10,-21.171730041503906,AR+SHAP,0.9,0.9,-1.182414652434554,KEYDEGQVVV,4.0,0.34521524843678475
HLA-B*40:02,REFSWGGMISL,11,-20.28651237487793,AR+SHAP,0.7,0.85,-0.8727388274726688,REFSDGGQISL,2.0,0.2491491576310123
HLA-B*40:02,REFDNSFQQPL,11,-18.58736801147461,AR+SHAP,0.9,0.9,-0.9405164849325672,REFDPSEQQTL,3.0,0.5834899606248053
HLA-B*40:02,WEFEYGLTRAL,11,-22.266876220703125,AR+SHAP,0.9,0.9,-0.9722028383790645,QEFQSGLTRAL,3.0,0.6131450727155264
HLA-B*40:02,AEYEFGVWHAL,11,-22.143299102783203,AR+SHAP,0.9,0.9,-1.0269416279590293,AEYENGVKHAL,3.0,0.27495608923617887
HLA-B*40:02,REFDEFNCVTL,11,-18.674001693725586,AR+SHAP,0.9,0.9,-1.1580607939366052,REFDEKNKVTL,3.0,0.3442297339781677
HLA-B*40:02,REVQMSVCTAL,11,-21.297348022460938,AR+SHAP,0.7,0.85,-1.1975562131535364,REVTVSVGTAL,3.0,0.3067786986489276
HLA-B*40:02,AEIGGNKLFTL,11,-20.403587341308594,AR+SHAP,0.7,0.85,-1.212986184736668,GEIGGNKLFTL,1.0,0.040351820589438425
HLA-B*40:02,GEWEFSSRNEL,11,-19.073749542236328,AR+SHAP,0.7,0.85,-1.2828486028346449,GEFEGSSGNEL,3.0,0.16893783268964535
HLA-B*40:02,SEFPMEALLSL,11,-20.796077728271484,AR+SHAP,0.9,0.9,-1.3400473176613932,SEFPSEALLSL,1.0,0.09849503112471747
HLA-B*40:02,SEIAGEAFRPL,11,-18.561702728271484,AR+SHAP,0.7,0.85,-1.3898745583909855,SEIADEAIRAL,3.0,0.24801525818980497
HLA-B*40:02,LEAVVPEL,8,-11.582087516784668,AR,0.7,0.85,-1.7294887691795613,,,
HLA-B*40:02,RDYLANVL,8,-14.07476806640625,AR,0.7,0.85,-1.7770641547424295,,,
HLA-B*40:02,SEFATNQL,8,-16.41845703125,AR,0.9,0.9,-1.8298181874388775,,,
HLA-B*40:02,TEFKAILV,8,-17.012714385986328,AR,0.9,0.9,-2.026655813877043,,,
HLA-B*40:02,AEITIKTV,8,-14.505902290344238,AR,0.7,0.85,-2.047742018180642,,,
